{
  "f_num": 25000,
  "v_num": 12500,
  "m_num": 19,
  "p_num": 16,
  "v_basis_num": 10,
  "d_basis_num": 10,
  "m_basis_num": 10,
  "data_path": "../data/",
  "ans_path": "../result/",

  "reload_obj": false,
  "reload_cp": false,
  "reload_mask": false,
  "reload_m_data": false,
  "reload_d_data": false,

  "reload_cfTable": false,

  "reload_d2v": false,
  "reload_m_basis": false,
  "reload_v_basis": false,
  "reload_d_basis": false,

  "reload_M": false,
  "reload_m2v": false,
  "reload_m2d": false,
  "reload_L": false,

  "m_str":  ["weight", "height", "neck", "chest",
             "belly_button_waist", "gluteal_hip",
             "neck_shoulder_elbow_wirst", "croth_knee_floor",
             "across_back_shoulder_neck", "neck_to_gluteal_hip",
             "natural_waist", "maximum_hip", "natural_waist_rise",
             "shoulder_to_midhand", "mid_upper_arm", "wrist",
             "outer_natural_waist_to_floor", "knee", "maximum_thigh"],

  "part": [[0.0, 0.66666700000000001, 1.0],
          [0.66666700000000001, 0.66666700000000001, 0.0],
          [0.66666700000000001, 1.0, 0.0],
          [1.0, 0.66666700000000001, 0.0],
          [0.66666700000000001,0.0, 0.0],
          [1.0, 1.0, 0.0],
          [0.0, 0.0, 1.0],
          [1.0, 0.0, 1.0],
          [0.0, 1.0, 1.0],
          [1.0, 0.0, 0.0],
          [0.0, 0.0, 0.0],
          [0.0, 1.0, 0.0],
          [0.32941199999999998, 0.0, 0.494118],
          [1.0, 1.0, 1.0],
          [0.66666700000000001, 0.0, 1.0],
          [0.0, 0.32941199999999998, 0.0] ],

  "p2m": [[0, 1, 7, 16, 17],
          [0, 1, 6, 13, 14],
          [6, 13, 15],
          [0, 1, 7, 16, 17],
          [6, 13, 15],
          [0, 1, 4, 5, 7, 9, 11, 12, 16, 18],
          [0, 1, 3, 4, 5, 9, 10, 11, 12, 16],
          [0, 1, 5, 7, 16, 17, 18],
          [0, 1, 6, 13, 15],
          [0, 1, 2, 3, 6, 8, 9],
          [16],
          [0, 1, 2],
          [0, 1, 6, 13, 14],
          [16],
          [0, 1, 5, 7, 16, 17, 18],
          [0, 1, 6, 13, 15]],
  
  "GIRTH":  [1, 0, 1, 1, 1, 1, 0, 0, 0, 0, 1, 1, 1, 0, 1, 1, 0, 1, 1],
  "LENGTH": [0, 1, 0, 0, 0, 0, 1, 1, 1, 1, 0, 0, 0, 1, 0, 0, 1, 0, 0],
  "m2m": [1, 0, 1, 1, 1, 1, 0, 0, 1, 1, 1, 1, 1, 0, 1, 1, 0, 1, 1]
}

